Country_Name,Code,Indicator_Name,Ind_Code,1995,1996,1997,1998,1999,2000,2001,2002,2003,2004,2005,2006,2007,2008,2009,2010,2011,2012,2013,2014,2015,2016
Aruba,ABW,"International tourism, number of arrivals",ST.INT.ARVL,619000,641000,650000,647000,683000,721000,691000,643000,642000,728000,733000,694000,772000,827000,813000,824000,869000,904000,979000,1072000,1225000,1102000
Afghanistan,AFG,"International tourism, number of arrivals",ST.INT.ARVL,,,,,,,,,,,,,,,,,,,,,,
Angola,AGO,"International tourism, number of arrivals",ST.INT.ARVL,9000,21000,45000,52000,45000,51000,67000,91000,107000,194000,210000,121000,195000,294000,366000,425000,481000,528000,650000,595000,592000,397000
Albania,ALB,"International tourism, number of arrivals",ST.INT.ARVL,304000,287000,119000,184000,371000,317000,354000,470000,557000,645000,748000,937000,1062000,1247000,1711000,2191000,2469000,3156000,2857000,3341000,3784000,4070000
Andorra,AND,"International tourism, number of arrivals",ST.INT.ARVL,,,,,2347000,2949000,3516000,3387000,3138000,2791000,2418000,2227000,2189000,2059000,1830000,1808000,2242000,2238000,2328000,2363000,2663000,2831000
United Arab Emirates,ARE,"International tourism, number of arrivals",ST.INT.ARVL,2315000,2572000,2476000,2991000,3393000,3907000,4134000,5445000,5871000,6195000,7126000,,,,,,,,,,,
Argentina,ARG,"International tourism, number of arrivals",ST.INT.ARVL,2289000,2614000,2764000,3012000,2898000,2909000,2620000,2820000,2995000,3457000,3823000,4173000,4562000,4700000,4308000,5325000,5705000,5587000,5246000,5931000,5736000,5559000
Armenia,ARM,"International tourism, number of arrivals",ST.INT.ARVL,12000,13000,23000,32000,41000,45000,123000,162000,206000,263000,319000,382000,511000,558000,575000,684000,758000,963000,1084000,1204000,1192000,1260000
American Samoa,ASM,"International tourism, number of arrivals",ST.INT.ARVL,34000,35000,26000,36000,41000,44000,36000,,,,24500,25300,24100,24300,23500,23100,22600,22600,20800,21600,20300,20100
Antigua and Barbuda,ATG,"International tourism, number of arrivals",ST.INT.ARVL,220000,228000,240000,234000,232000,207000,215000,218000,239000,246000,245000,254000,262000,266000,234000,230000,241000,247000,243000,249000,250000,265000
Australia,AUS,"International tourism, number of arrivals",ST.INT.ARVL,3726000,4165000,4318000,4167000,4459000,4931000,4856000,4841000,4746000,5215000,5499000,5532000,5644000,5586000,5490000,5790000,5771000,6032000,6382000,6884000,7444000,8263000
Austria,AUT,"International tourism, number of arrivals",ST.INT.ARVL,17173000,17090000,16647000,17352000,17467000,17982000,18180000,18611000,19078000,19374000,19952000,20269000,20773000,21935000,21355000,22004000,23012000,24151000,24813000,25291000,26728000,28121000
Azerbaijan,AZE,"International tourism, number of arrivals",ST.INT.ARVL,,,,,,,,576000,768000,989000,693000,682000,732000,1043000,1005000,1280000,1562000,1986000,2130000,2160000,1922000,2044000
Burundi,BDI,"International tourism, number of arrivals",ST.INT.ARVL,34000,27000,11000,15000,26000,29000,36000,74000,74000,133000,148000,214000,192000,202000,212000,142000,144000,147000,234000,235000,131000,187000
Belgium,BEL,"International tourism, number of arrivals",ST.INT.ARVL,5560000,5829000,6037000,6179000,6369000,6457000,6452000,6720000,6690000,6710000,6747000,6995000,7045000,7165000,6815000,7186000,7494000,7560000,7684000,7887000,8355000,7481000
Benin,BEN,"International tourism, number of arrivals",ST.INT.ARVL,138000,143000,148000,152000,80000,96000,88000,72000,175000,174000,176000,180000,186000,188000,190000,199000,209000,220000,231000,242000,255000,267000
Burkina Faso,BFA,"International tourism, number of arrivals",ST.INT.ARVL,124000,131000,138000,160000,117000,126000,128000,150000,163000,222000,245000,264000,289000,272000,269000,274000,238000,237000,218000,191000,163000,152000
Bangladesh,BGD,"International tourism, number of arrivals",ST.INT.ARVL,156000,166000,182000,172000,173000,199000,207000,207000,245000,271000,208000,200000,289000,467000,267000,303000,155000,125000,148000,125000,,
Bulgaria,BGR,"International tourism, number of arrivals",ST.INT.ARVL,3466000,2795000,2980000,2667000,2472000,2785000,3186000,3433000,4048000,4630000,4837000,5158000,5151000,5780000,5739000,6047000,6328000,6541000,6898000,7311000,7099000,8252000
Bahrain,BHR,"International tourism, number of arrivals",ST.INT.ARVL,2311000,1988000,2600000,2898000,3280000,3869000,4388000,4831000,4844000,5667000,6313000,7289000,7833000,8631000,8861000,11952000,6732000,8062000,9163000,10452000,9670000,10158000
"Bahamas, The",BHS,"International tourism, number of arrivals",ST.INT.ARVL,1598000,1633000,1618000,1528000,1577000,1544000,1538000,1513000,1510000,1561000,1608000,1601000,1528000,1463000,1327000,1370000,1346000,1422000,1366000,1427000,1484000,1482000
Bosnia and Herzegovina,BIH,"International tourism, number of arrivals",ST.INT.ARVL,,,115000,148000,147000,171000,139000,160000,165000,190000,217000,256000,306000,322000,311000,365000,392000,439000,529000,536000,678000,777000
Belarus,BLR,"International tourism, number of arrivals",ST.INT.ARVL,160600,234000,253500,355000,74900,60000,61000,63000,64000,67000,91000,89000,105000,90500,95000,119300,116000,6129900,6241800,5374900,4385600,9423500
Belize,BLZ,"International tourism, number of arrivals",ST.INT.ARVL,131000,133000,146000,176000,181000,196000,196000,200000,221000,231000,237000,247000,251000,245000,232000,242000,250000,277000,294000,321000,341000,386000
Bermuda,BMU,"International tourism, number of arrivals",ST.INT.ARVL,387000,390000,380000,370000,355000,332000,278000,284000,257000,272000,270000,299000,306000,264000,236000,232000,236000,232000,236000,224000,220000,244000
Bolivia,BOL,"International tourism, number of arrivals",ST.INT.ARVL,284000,313000,355000,387000,342000,319000,316000,334000,427000,480000,524000,521000,573000,594000,599000,679000,711000,798000,798000,871000,882000,959000
Brazil,BRA,"International tourism, number of arrivals",ST.INT.ARVL,1991000,2666000,2850000,4818000,5107000,5313000,4773000,3785000,4133000,4794000,5358000,5017000,5026000,5050000,4802000,5161000,5433000,5677000,5813000,6430000,6306000,6578000
Barbados,BRB,"International tourism, number of arrivals",ST.INT.ARVL,442000,447000,472000,512000,515000,545000,507000,498000,531000,552000,548000,563000,575000,568000,519000,532000,568000,536000,509000,521000,592000,632000
Brunei Darussalam,BRN,"International tourism, number of arrivals",ST.INT.ARVL,,,,,,,,,,119000,126000,158000,179000,226000,157000,214000,242000,209000,225000,201000,218000,219000
Bhutan,BTN,"International tourism, number of arrivals",ST.INT.ARVL,4800,5200,5400,6200,7200,7600,6400,5600,6300,9200,13600,17300,21000,28000,23000,41000,66000,105000,116000,133000,155000,210000
Botswana,BWA,"International tourism, number of arrivals",ST.INT.ARVL,521000,512000,607000,750000,843000,1104000,1193000,1274000,1406000,1523000,1474000,1426000,1736000,2101000,1721000,1973000,,1614000,1544000,1966000,1528000,
Central African Republic,CAF,"International tourism, number of arrivals",ST.INT.ARVL,26000,21000,17000,7500,10000,11200,9900,2900,5700,8200,12000,13800,17100,30600,52400,53800,65400,70800,83500,95700,120500,
Canada,CAN,"International tourism, number of arrivals",ST.INT.ARVL,16932000,17286000,17669000,18870000,19411000,19627000,19679000,20057000,17534000,19145000,18771000,18265000,17935000,17142000,15737000,16219000,16014000,16344000,16059000,16537000,17971000,19824000
Switzerland,CHE,"International tourism, number of arrivals",ST.INT.ARVL,6946000,6730000,7039000,7185000,7154000,7821000,7455000,6868000,6530000,,7229000,7863000,8448000,8608000,8294000,8628000,8534000,8566000,8967000,9158000,9305000,9205000
Channel Islands,CHI,"International tourism, number of arrivals",ST.INT.ARVL,,,,,,,,,,,,,,,,,,,,,,
Chile,CHL,"International tourism, number of arrivals",ST.INT.ARVL,1540000,1450000,1644000,1759000,1632000,1742000,1723000,1412000,1614000,1785000,2027000,2253000,2507000,2710000,2760000,2801000,3137000,3554000,3576000,3674000,4478000,5641000
China,CHN,"International tourism, number of arrivals",ST.INT.ARVL,20034000,22765000,23770000,25073000,27047000,31229000,33167000,36803000,32970000,41761000,46809000,49913000,54720000,53049000,50875000,55664000,57581000,57725000,55686000,55622000,56886000,59270000
Cote d'Ivoire,CIV,"International tourism, number of arrivals",ST.INT.ARVL,,,,,,,,,,,,,182000,205000,231000,252000,270000,289000,380000,471000,1441000,1583000
Cameroon,CMR,"International tourism, number of arrivals",ST.INT.ARVL,,,,,,,,,,,176000,451000,477000,487000,498000,573000,604000,817000,783000,822000,,
"Congo, Dem. Rep.",COD,"International tourism, number of arrivals",ST.INT.ARVL,35000,37000,30000,53000,80000,103000,55000,28000,35000,36000,61000,55000,47000,50000,53000,81000,186000,167000,191000,,,
"Congo, Rep.",COG,"International tourism, number of arrivals",ST.INT.ARVL,37000,39000,27000,20000,14000,19000,27000,22000,23000,31000,35000,46000,55000,62000,94000,101000,168000,204000,231000,273000,363000,224000
Colombia,COL,"International tourism, number of arrivals",ST.INT.ARVL,1399000,631000,639000,674000,546000,557000,616000,567000,625000,791000,933000,2045000,2254000,2317000,2364000,1405000,2042000,2175000,2288000,2552000,2978000,3317000
Comoros,COM,"International tourism, number of arrivals",ST.INT.ARVL,23000,24000,26000,27000,24000,24000,19400,18900,20600,23300,25900,28500,15200,14800,11300,15300,18800,22800,21900,22800,23600,26800
Cabo Verde,CPV,"International tourism, number of arrivals",ST.INT.ARVL,28000,37000,45000,52000,67000,115000,134000,126000,150000,157000,198000,242000,267000,285000,287000,336000,428000,482000,503000,494000,520000,598000
Costa Rica,CRI,"International tourism, number of arrivals",ST.INT.ARVL,785000,781000,811000,943000,1032000,1088000,1131000,1113000,1239000,1453000,1679000,1725000,1980000,2089000,1923000,2100000,2192000,2343000,2428000,2527000,2660000,2925000
Cuba,CUB,"International tourism, number of arrivals",ST.INT.ARVL,742000,999000,1153000,1390000,1561000,1741000,1736000,1656000,1847000,2017000,2261000,2150000,2119000,2316000,2405000,2507000,2688000,2815000,2829000,2970000,3491000,3968000
Curacao,CUW,"International tourism, number of arrivals",ST.INT.ARVL,224000,214000,205000,199000,198000,191000,205000,218000,221000,223000,222000,234000,300000,409000,367000,342000,390000,421000,441000,452000,468000,441000
Cayman Islands,CYM,"International tourism, number of arrivals",ST.INT.ARVL,361000,373000,381000,404000,395000,354000,334000,303000,294000,260000,168000,267000,292000,303000,272000,288000,309000,322000,345000,383000,385000,385000
Cyprus,CYP,"International tourism, number of arrivals",ST.INT.ARVL,2100000,1950000,2088000,2223000,2434000,2686000,2697000,2418000,2303000,2349000,2470000,2401000,2416000,2404000,2141000,2173000,2392000,2465000,2405000,2441000,2659000,3187000
Czech Republic,CZE,"International tourism, number of arrivals",ST.INT.ARVL,3381000,4558000,4976000,5482000,5610000,4773000,5405000,4743000,5076000,6061000,6336000,6435000,6680000,6649000,6032000,6334000,6715000,7647000,7852000,8096000,8707000,9321000
Germany,DEU,"International tourism, number of arrivals",ST.INT.ARVL,14847000,15205000,15837000,16511000,17116000,18983000,17861000,17969000,18399000,20137000,21500000,23569000,24421000,24884000,24220000,26875000,28374000,30411000,31545000,32999000,34970000,35555000
Djibouti,DJI,"International tourism, number of arrivals",ST.INT.ARVL,21000,20000,20000,21000,21000,20100,21600,22500,23200,26300,30200,39500,40000,54000,58000,51000,56000,60000,63000,,,
Dominica,DMA,"International tourism, number of arrivals",ST.INT.ARVL,60000,63000,65000,66000,74000,70000,66000,69000,73000,80000,79000,84000,81000,81000,75000,77000,76000,79000,78000,81500,75000,78000
Denmark,DNK,"International tourism, number of arrivals",ST.INT.ARVL,2124000,2125000,2158000,2073000,2023000,3535000,3684000,3436000,3474000,4421000,9587000,9630000,9832000,9564000,9265000,9425000,8471000,8443000,8557000,10267000,10424000,10781000
Dominican Republic,DOM,"International tourism, number of arrivals",ST.INT.ARVL,1776000,1926000,2211000,2309000,2649000,2978000,2882000,2811000,3282000,3450000,3691000,3965000,3980000,3980000,3992000,4125000,4306000,4563000,4690000,5141400,5600000,5959300
Algeria,DZA,"International tourism, number of arrivals",ST.INT.ARVL,520000,605000,635000,678000,749000,866000,901000,988000,1166000,1234000,1443000,1638000,1743000,1772000,1912000,2070000,2395000,2634000,2733000,2301000,1710000,2039000
Ecuador,ECU,"International tourism, number of arrivals",ST.INT.ARVL,440000,494000,529000,511000,518000,627000,641000,683000,761000,819000,860000,841000,937000,1005000,968000,1047000,1141000,1272000,1364000,1557000,1544000,1418000
"Egypt, Arab Rep.",EGY,"International tourism, number of arrivals",ST.INT.ARVL,2871000,3528000,3656000,3213000,4490000,5116000,4357000,4906000,5746000,7795000,8244000,8646000,10610000,12296000,11914000,14051000,9497000,11196000,9174000,9628300,9139000,5258000
Euro area,EMU,"International tourism, number of arrivals",ST.INT.ARVL,196847000,202466000,217627000,229558000,240992000,255220000,253457000,259072000,257998000,259716000,268230000,284573000,293226000,290324000,277270000,283879000,301030000,307576000,321194000,335866000,351169000,364655000
Eritrea,ERI,"International tourism, number of arrivals",ST.INT.ARVL,315000,417000,410000,188000,57000,70000,113000,101000,80000,87000,83000,78000,81000,70000,79000,84000,107000,129000,141000,119000,114000,142000
Spain,ESP,"International tourism, number of arrivals",ST.INT.ARVL,32971000,34027000,39553000,41892000,45440000,46403000,48565000,50331000,50854000,52430000,55914000,58004000,58666000,57192000,52178000,52677000,56177000,57464000,60675000,64939000,68175000,75315000
Estonia,EST,"International tourism, number of arrivals",ST.INT.ARVL,530000,665000,730000,825000,950000,1220000,1320000,1362000,1462000,1750000,1917000,1940000,1900000,2079000,2059000,2372000,2665000,2744000,2873000,2918000,2989000,3147000
Ethiopia,ETH,"International tourism, number of arrivals",ST.INT.ARVL,103000,109000,139000,112000,115000,136000,148000,156000,180000,184000,227000,330000,358000,383000,427000,468000,523000,597000,681000,770000,864000,871000
Finland,FIN,"International tourism, number of arrivals",ST.INT.ARVL,1779000,1724000,1832000,1867000,1831000,1971000,1999000,2043000,2047000,2083000,2080000,2317000,2472000,2494000,2220000,2319000,2623000,2778000,2797000,2731000,2622000,2789000
Fiji,FJI,"International tourism, number of arrivals",ST.INT.ARVL,318000,340000,359000,371000,410000,294000,348000,398000,431000,504000,545000,549000,540000,585000,542000,632000,675000,661000,659000,693000,755000,792000
France,FRA,"International tourism, number of arrivals",ST.INT.ARVL,60033000,62406000,66591000,70109000,73147000,77190000,75202000,77012000,75048000,74433000,74988000,77916000,80853000,79218000,76764000,76647000,80499000,81980000,83634000,83701000,84452000,82570000
Faroe Islands,FRO,"International tourism, number of arrivals",ST.INT.ARVL,,,,,,,,,,,,,,,,,,,,,,
"Micronesia, Fed. Sts.",FSM,"International tourism, number of arrivals",ST.INT.ARVL,,17600,17200,13400,16100,20500,15300,19100,18200,19300,19000,19100,21100,25700,47500,44700,35400,38300,42100,35400,31200,29600
Gabon,GAB,"International tourism, number of arrivals",ST.INT.ARVL,125000,145000,167000,195000,178000,155000,169000,208000,222000,244000,269000,,,,,,,,,,,
United Kingdom,GBR,"International tourism, number of arrivals",ST.INT.ARVL,21719000,22936000,23215000,23710000,23341000,23212000,20982000,22307000,22787000,25678000,28039000,30654000,30870000,30142000,28199000,28295000,29306000,29282000,31063000,32613000,34436000,35814000
Georgia,GEO,"International tourism, number of arrivals",ST.INT.ARVL,85000,117000,313000,317000,384000,387000,302000,298000,313000,368000,560000,983000,1052000,1290000,1500000,2032000,2822000,4428000,5392000,5516000,5901000,6361000
Ghana,GHA,"International tourism, number of arrivals",ST.INT.ARVL,286000,305000,325000,348000,373000,399000,439000,483000,531000,584000,429000,497000,587000,698000,803000,931000,821000,903000,994000,825000,897000,
Gibraltar,GIB,"International tourism, number of arrivals",ST.INT.ARVL,,,,,,,,,,,,,,,,,,,,,,
Guinea,GIN,"International tourism, number of arrivals",ST.INT.ARVL,,12000,17000,23000,27000,33000,38000,43000,44000,45000,45000,46100,30000,24000,,12400,131000,96000,56000,33000,35000,
"Gambia, The",GMB,"International tourism, number of arrivals",ST.INT.ARVL,45000,77000,85000,91000,96000,79000,57000,81000,89000,90000,108000,125000,143000,147000,142000,91000,106000,157000,171000,156000,135000,161000
Guinea-Bissau,GNB,"International tourism, number of arrivals",ST.INT.ARVL,,,,,,,7800,,,,5000,11600,15600,18000,16000,22300,36700,35400,35500,36100,43800,
Equatorial Guinea,GNQ,"International tourism, number of arrivals",ST.INT.ARVL,,,,,,,,,,,,,,,,,,,,,,
Greece,GRC,"International tourism, number of arrivals",ST.INT.ARVL,10130000,9233000,10070000,10916000,12164000,13096000,14057000,14180000,13969000,13313000,14765000,16039000,16165000,15939000,14915000,15007000,16427000,15518000,17920000,22033000,23599000,24799000
Grenada,GRD,"International tourism, number of arrivals",ST.INT.ARVL,108000,108000,111000,116000,125000,129000,123000,132000,142000,134000,99000,119000,130000,130000,114000,110000,118000,125000,128000,150000,155000,156000
Greenland,GRL,"International tourism, number of arrivals",ST.INT.ARVL,,,,,,,,,,,,,,,,,,,,,,
Guatemala,GTM,"International tourism, number of arrivals",ST.INT.ARVL,563000,520000,576000,636000,823000,826000,835000,884000,880000,1182000,1316000,1502000,1628000,1715000,1393000,1384000,1434000,1491000,1516000,1739000,1865000,1906000
Guam,GUM,"International tourism, number of arrivals",ST.INT.ARVL,1362000,1373000,1382000,1137000,1162000,1287000,1159000,1059000,910000,1160000,1228000,1212000,1225000,1142000,1053000,1197000,1160000,1308000,1334000,1343000,1409000,1535000
Guyana,GUY,"International tourism, number of arrivals",ST.INT.ARVL,106000,92000,76000,66000,75000,105000,99000,104000,101000,122000,117000,113000,134000,130000,141000,152000,157000,177000,158000,206000,207000,235000
"Hong Kong SAR, China",HKG,"International tourism, number of arrivals",ST.INT.ARVL,,,,7137000,7837000,8814000,8878000,10689000,9676000,13655000,14773000,15821000,17154000,17319000,16926000,20085000,22316000,23770000,25661000,27770000,26686000,26553000
Honduras,HND,"International tourism, number of arrivals",ST.INT.ARVL,271000,263000,307000,321000,371000,471000,518000,550000,611000,641000,673000,739000,804000,869000,836000,863000,871000,895000,863000,868000,880000,
Croatia,HRV,"International tourism, number of arrivals",ST.INT.ARVL,1485000,2914000,4178000,4499000,3805000,5831000,6544000,6944000,7409000,7912000,7743000,7988000,8559000,8665000,8694000,9111000,9927000,10369000,10948000,11623000,12683000,13809000
Haiti,HTI,"International tourism, number of arrivals",ST.INT.ARVL,145000,150000,149000,147000,143000,140000,142000,140000,136000,96000,112000,108000,386000,258000,387000,255000,349000,349000,420000,465200,516000,
Hungary,HUN,"International tourism, number of arrivals",ST.INT.ARVL,2878000,2979000,2887000,2871000,2789000,2992000,3070000,3013000,2948000,3270000,3446000,3310000,3451000,3516000,3228000,3462000,3822000,4164000,4388000,4618000,4929000,5302000
Indonesia,IDN,"International tourism, number of arrivals",ST.INT.ARVL,4324000,5034000,5185000,4606000,4728000,5064000,5153000,5033000,4467000,5321000,5002000,4871000,5506000,6234000,6324000,7003000,7650000,8044000,8802000,9435000,10407000,11519000
Isle of Man,IMN,"International tourism, number of arrivals",ST.INT.ARVL,,,,,,,,,,,,,,,,,,,,,,
India,IND,"International tourism, number of arrivals",ST.INT.ARVL,2124000,2288000,2374000,2359000,2482000,2649000,2537000,2384000,2726000,3457000,3919000,4447000,5082000,5283000,5168000,5776000,6309000,6578000,6968000,13107000,13284000,14569000
Ireland,IRL,"International tourism, number of arrivals",ST.INT.ARVL,4818000,5289000,5587000,6064000,6403000,6646000,6353000,6476000,6764000,6953000,7333000,8001000,8332000,8026000,7189000,7134000,7630000,7550000,8260000,8813000,9528000,10100000
"Iran, Islamic Rep.",IRN,"International tourism, number of arrivals",ST.INT.ARVL,568000,693000,860000,1124000,1321000,1342000,1402000,1585000,1546000,1659000,1889000,2735000,2219000,2034000,2116000,2938000,3354000,3834000,4769000,4967000,5237000,4942000
Iraq,IRQ,"International tourism, number of arrivals",ST.INT.ARVL,61000,51000,15000,45000,30000,78000,127000,,,,,,,864000,1262000,1518000,1510000,1111000,892000,,,
Iceland,ISL,"International tourism, number of arrivals",ST.INT.ARVL,190000,201000,202000,232000,263000,303000,301000,285000,317000,360000,374000,422000,485000,502000,494000,489000,566000,673000,807300,997600,1289000,1792000
Israel,ISR,"International tourism, number of arrivals",ST.INT.ARVL,2215000,2100000,2010000,1942000,2312000,2417000,1196000,861900,1063000,1505600,1903000,1825000,2067000,2572000,2321000,2803000,2820000,2886000,2962000,2927000,2799000,2900000
Italy,ITA,"International tourism, number of arrivals",ST.INT.ARVL,31052000,32943000,34692000,34933000,36516000,41181000,39563000,39799000,39604000,37071000,36513000,41058000,43654000,42734000,43239000,43626000,46119000,46360000,47704000,48576000,50732000,52372000
Jamaica,JAM,"International tourism, number of arrivals",ST.INT.ARVL,1147000,1162000,1192000,1225000,1248000,1323000,1277000,1266000,1350000,1415000,1479000,1679000,1701000,1767000,1831000,1922000,1952000,1986000,2008400,2080000,2123000,2182000
Jordan,JOR,"International tourism, number of arrivals",ST.INT.ARVL,1075000,1106000,1132000,1772000,1790000,1580000,1672000,2384000,2353000,2853000,2987000,3225000,3431000,3729000,3789000,4207000,3960000,4162000,3945000,3990000,3761000,3858000
Japan,JPN,"International tourism, number of arrivals",ST.INT.ARVL,3345000,3837000,4218000,4106000,4438000,4757000,4772000,5239000,5212000,6138000,6728000,7334000,8347000,8351000,6790000,8611000,6219000,8358000,10364000,13413000,19737000,24040000
Kazakhstan,KAZ,"International tourism, number of arrivals",ST.INT.ARVL,,202000,284000,257000,394000,1683000,2693000,3678000,3237000,4291000,4365000,4707000,5311000,4117000,3774000,4097000,5685000,6163000,6841000,6333000,6430000,6509000
Kenya,KEN,"International tourism, number of arrivals",ST.INT.ARVL,918000,947000,928000,792000,862000,899000,841000,838000,927000,1199000,1399000,1464000,1686000,1141000,1392000,1470000,1750000,1619000,1434000,1261000,1114000,1268000
Kyrgyz Republic,KGZ,"International tourism, number of arrivals",ST.INT.ARVL,36000,42000,87000,59000,48000,59000,99000,140000,342000,398000,319000,766000,1656000,1844000,1394000,855000,2278000,2406000,3076000,2849000,3051000,2930000
Cambodia,KHM,"International tourism, number of arrivals",ST.INT.ARVL,220000,260000,219000,287000,368000,466000,605000,787000,701000,1055000,1422000,1700000,2015000,2125000,2162000,2508000,2882000,3584000,4210000,4503000,4775000,5012000
Kiribati,KIR,"International tourism, number of arrivals",ST.INT.ARVL,3900,4200,5100,5700,5100,4800,4600,4900,4900,3400,4100,4400,4700,3900,3900,4700,5300,4900,5900,5000,3900,5700
St. Kitts and Nevis,KNA,"International tourism, number of arrivals",ST.INT.ARVL,79000,84000,88000,93000,84000,73000,71000,69000,91000,118000,141000,139000,123000,128000,83000,98000,104000,104000,107000,113000,122000,
"Korea, Rep.",KOR,"International tourism, number of arrivals",ST.INT.ARVL,3753000,3684000,3908000,4250000,4660000,5322000,5147000,5347000,4753000,5818000,6023000,6155000,6448000,6891000,7818000,8798000,9795000,11140000,12176000,14202000,13232000,17242000
Kuwait,KWT,"International tourism, number of arrivals",ST.INT.ARVL,72000,76000,79000,77000,84000,78000,73000,96000,94000,91000,104000,185000,293000,259000,297000,207000,269000,300000,307000,,,
Lao PDR,LAO,"International tourism, number of arrivals",ST.INT.ARVL,60000,93000,193000,200000,259000,191000,173000,215000,196000,407000,672000,842000,1142000,1295000,1239000,1670000,1894000,2291000,2700000,3164000,3543000,3315000
Lebanon,LBN,"International tourism, number of arrivals",ST.INT.ARVL,450000,424000,558000,631000,673000,742000,837000,956000,1016000,1278000,1140000,1063000,1017000,1333000,1844000,2168000,1655000,1366000,1274000,1355000,1518000,1688000
Liberia,LBR,"International tourism, number of arrivals",ST.INT.ARVL,,,,,,,,,,,,,,,,,,,,,,
Libya,LBY,"International tourism, number of arrivals",ST.INT.ARVL,,,,,,,,,,43000,81000,42000,38000,34000,,,,,,,,
St. Lucia,LCA,"International tourism, number of arrivals",ST.INT.ARVL,231000,236000,248000,252000,264000,270000,250000,253000,277000,298000,318000,303000,287000,296000,278000,306000,312000,307000,319000,338000,345000,348000
Liechtenstein,LIE,"International tourism, number of arrivals",ST.INT.ARVL,59000,56000,57000,59000,60000,61600,56500,48700,49000,48500,49800,54900,58300,58500,52300,49800,53300,53600,52400,53700,48600,60000
Sri Lanka,LKA,"International tourism, number of arrivals",ST.INT.ARVL,403000,302000,366000,381000,436000,400000,337000,393000,501000,566000,549000,560000,494000,438000,448000,654000,856000,1006000,1275000,1527000,1798000,2051000
Lesotho,LSO,"International tourism, number of arrivals",ST.INT.ARVL,209000,312000,313000,290000,308000,302000,295000,287000,329000,304000,304000,357000,300000,293000,344000,426000,398000,423000,433000,1079000,1082000,1196000
Lithuania,LTU,"International tourism, number of arrivals",ST.INT.ARVL,650000,832000,1012000,1416000,1422000,1083000,1271000,1428000,1491000,1800000,2000000,2180000,1486000,1611000,1341000,1507000,1775000,1900000,2012000,2063000,2071000,2296000
Luxembourg,LUX,"International tourism, number of arrivals",ST.INT.ARVL,768000,724000,778000,789000,863000,852000,836000,885000,867000,878000,913000,908000,914000,877000,847000,805000,874000,950000,945000,1038000,1090000,1054000
Latvia,LVA,"International tourism, number of arrivals",ST.INT.ARVL,539000,565000,635000,576000,544000,509000,591000,848000,971000,1079000,1116000,1535000,1653000,1684000,1323000,1373000,1493000,1435000,1536000,1843000,2024000,1793000
"Macao SAR, China",MAC,"International tourism, number of arrivals",ST.INT.ARVL,4202000,4690000,3836000,4517000,5050000,5197000,5842000,6565000,6309000,8324000,9014000,10683000,12945000,10610000,10402000,11926000,12925000,13577000,14268000,14566000,14308000,15703600
St. Martin (French part),MAF,"International tourism, number of arrivals",ST.INT.ARVL,,,,,,,,,,,,,,,,,,,,,,
Morocco,MAR,"International tourism, number of arrivals",ST.INT.ARVL,2602000,2693000,3072000,3095000,3817000,4278000,4380000,4453000,4761000,5477000,5843000,6558000,7408000,7879000,8341000,9288000,9342000,9375000,10046000,10283000,10177000,10332000
Monaco,MCO,"International tourism, number of arrivals",ST.INT.ARVL,233000,226000,259000,278000,278000,300000,270000,263000,235000,250000,286000,313000,328000,324000,265000,279000,295000,292000,328000,329000,331000,336000
Moldova,MDA,"International tourism, number of arrivals",ST.INT.ARVL,32000,29000,21000,19000,14000,18000,16000,18000,21000,69000,67000,63000,70000,73000,60000,64000,75000,89000,95600,93900,94400,121000
Madagascar,MDG,"International tourism, number of arrivals",ST.INT.ARVL,75000,83000,101000,121000,138000,160000,170000,62000,139000,229000,277000,312000,344000,375000,163000,196000,225000,256000,196000,222000,244000,293000
Maldives,MDV,"International tourism, number of arrivals",ST.INT.ARVL,315000,339000,366000,396000,430000,467000,461000,485000,564000,617000,395000,602000,676000,683000,656000,792000,931000,958000,1125000,1205000,1234000,1286000
Mexico,MEX,"International tourism, number of arrivals",ST.INT.ARVL,20241000,21395000,19351000,19392000,19043000,20641000,19810000,19667000,18665000,20618000,21915000,21353000,21606000,22931000,22346000,23290000,23403000,23403000,24151000,29346000,32093000,35079000
Marshall Islands,MHL,"International tourism, number of arrivals",ST.INT.ARVL,5500,6200,6400,6400,4600,5200,5400,6000,7200,9000,9200,5800,7200,6000,5400,4600,4600,4600,,4900,6300,9800
"Macedonia, FYR",MKD,"International tourism, number of arrivals",ST.INT.ARVL,147000,136000,121000,157000,181000,224000,99000,123000,158000,165000,197000,202000,230000,255000,259000,262000,327000,351000,400000,425000,486000,510000
Mali,MLI,"International tourism, number of arrivals",ST.INT.ARVL,42000,98000,75000,83000,82000,86000,89000,96000,110000,113000,143000,153000,164000,190000,160000,169000,160000,134000,142000,168000,159300,173200
Malta,MLT,"International tourism, number of arrivals",ST.INT.ARVL,1116000,1054000,1111000,1182000,1214000,1216000,1180000,1134000,1127000,1156000,1171000,1124000,1244000,1291000,1182000,1339000,1415000,1443000,1582000,1690000,1783000,1966000
Myanmar,MMR,"International tourism, number of arrivals",ST.INT.ARVL,194000,490000,491000,478000,435000,416000,475000,487000,597000,657000,660000,630000,716000,731000,763000,792000,816000,1059000,2044000,3081000,4681000,2907000
Montenegro,MNE,"International tourism, number of arrivals",ST.INT.ARVL,,,,,,,,136000,142000,188000,272000,378000,984000,1031000,1044000,1088000,1201000,1264000,1324000,1350000,1560000,1662000
Mongolia,MNG,"International tourism, number of arrivals",ST.INT.ARVL,108000,71000,55000,165000,138000,137000,166000,229000,201000,301000,338000,386000,452000,446000,433000,456000,460000,476000,418000,393000,386000,404000
Northern Mariana Islands,MNP,"International tourism, number of arrivals",ST.INT.ARVL,676000,736000,695000,490000,502000,529000,444000,476000,459000,536000,507000,436000,389000,397000,354000,379000,341000,401000,439000,460000,479000,531000
Mozambique,MOZ,"International tourism, number of arrivals",ST.INT.ARVL,,,,,,,323000,541000,441000,470000,578000,664000,771000,1193000,1461000,1718000,1902000,2113000,1886000,1661000,1552000,1639000
Mauritania,MRT,"International tourism, number of arrivals",ST.INT.ARVL,,,,,24000,30000,,,,,,,,,,,,,,,,
Mauritius,MUS,"International tourism, number of arrivals",ST.INT.ARVL,422000,487000,536000,558000,578000,656000,660000,682000,702000,719000,761000,788000,907000,930000,871000,935000,965000,965000,993000,1038000,1151000,1275000
Malawi,MWI,"International tourism, number of arrivals",ST.INT.ARVL,192000,194000,207000,220000,254000,228000,266000,383000,424000,427000,438000,638000,735000,742000,755000,746000,767000,770000,795000,819000,805000,849000
Malaysia,MYS,"International tourism, number of arrivals",ST.INT.ARVL,7469000,7138000,6211000,5551000,7931000,10222000,12775000,13292000,10577000,15703000,16431000,17547000,20973000,22052000,23646000,24577000,24714000,25033000,25715000,27437000,25721000,26757000
North America,NAC,"International tourism, number of arrivals",ST.INT.ARVL,60637000,64165000,65816000,65617000,68275000,71197000,66884000,63922000,59009000,65503000,68247000,69541000,74376000,75413000,71076000,76461000,79071000,83233000,86290000,91783000,95656000,95676000
Namibia,NAM,"International tourism, number of arrivals",ST.INT.ARVL,272000,461000,502000,614000,635000,656000,670000,757000,695000,716000,778000,833000,929000,931000,980000,984000,1027000,1079000,1176000,1320000,1388000,1469000
New Caledonia,NCL,"International tourism, number of arrivals",ST.INT.ARVL,86000,91000,105000,104000,100000,110000,101000,104000,102000,100000,101000,100000,103000,104000,99000,99000,112000,112000,108000,107000,114000,116000
Niger,NER,"International tourism, number of arrivals",ST.INT.ARVL,35000,68000,68000,41000,39000,50000,52000,39000,55000,57000,58000,60000,48000,73000,66000,74000,82000,94000,123000,135000,135000,152000
Nigeria,NGA,"International tourism, number of arrivals",ST.INT.ARVL,656000,822000,611000,739000,776000,813000,850000,887000,924000,962000,1010000,1111000,1212000,1313000,1414000,1555000,715000,486000,600000,,1255000,1889000
Nicaragua,NIC,"International tourism, number of arrivals",ST.INT.ARVL,281000,303000,358000,406000,468000,486000,483000,472000,526000,615000,712000,749000,800000,858000,932000,1011000,1060000,1180000,1229000,1330000,1386000,1504000
Netherlands,NLD,"International tourism, number of arrivals",ST.INT.ARVL,6574000,6580000,7841000,9312000,9874000,10003000,9500000,9595000,9181000,9646000,10012000,10739000,11008000,10104000,9921000,10883000,11300000,11680000,12783000,13925000,15007000,15828000
Norway,NOR,"International tourism, number of arrivals",ST.INT.ARVL,2880000,2746000,2702000,3256000,3223000,3104000,3073000,3111000,3269000,3628000,3824000,4070000,4377000,4347000,4346000,4767000,4963000,4538000,4778000,4855000,5361000,5960000
Nepal,NPL,"International tourism, number of arrivals",ST.INT.ARVL,363000,394000,422000,464000,492000,464000,361000,275000,338000,385000,375000,384000,527000,500000,510000,603000,736000,803000,798000,790000,539000,753000
Nauru,NRU,"International tourism, number of arrivals",ST.INT.ARVL,,,,,,,,,,,,,,,,,,,,,,
New Zealand,NZL,"International tourism, number of arrivals",ST.INT.ARVL,,,,1475000,1596000,1780000,1900000,2026000,2086000,2325000,2353000,2390000,2434000,2371000,2373000,2435000,2511000,2473000,2629000,2772000,3039000,3370000
Oman,OMN,"International tourism, number of arrivals",ST.INT.ARVL,279000,349000,376000,424000,503000,571000,829000,817000,1039000,1195000,891000,1066000,1223000,1373000,1521000,1441000,1018000,1241000,1392000,1611000,1909000,2292000
Pakistan,PAK,"International tourism, number of arrivals",ST.INT.ARVL,378000,369000,375000,429000,432000,557000,500000,498000,501000,648000,798000,898000,840000,823000,855000,907000,1161000,966000,,,,
Panama,PAN,"International tourism, number of arrivals",ST.INT.ARVL,345000,362000,421000,431000,457000,484000,519000,534000,566000,621000,702000,843000,1103000,1247000,1200000,1324000,1473000,1606000,1658000,1745000,2110000,2007000
Peru,PER,"International tourism, number of arrivals",ST.INT.ARVL,479000,584000,649000,726000,694000,800000,901000,1064000,1136000,1350000,1571000,1721000,1916000,2058000,2140000,2299000,2598000,2846000,3164000,3215000,3456000,3744000
Philippines,PHL,"International tourism, number of arrivals",ST.INT.ARVL,1760000,2049000,2223000,2149000,2171000,1992000,1797000,1933000,1907000,2291000,2623000,2843000,3092000,3139000,3017000,3520000,3917000,4273000,4681000,4833000,5361000,5967000
Palau,PLW,"International tourism, number of arrivals",ST.INT.ARVL,53000,69000,74000,64000,55000,58000,54000,59000,63000,89000,81000,82000,88000,81000,71000,85000,111000,120000,108000,140000,162000,138000
Papua New Guinea,PNG,"International tourism, number of arrivals",ST.INT.ARVL,42000,61000,66000,67000,67000,58000,54000,54000,56000,59000,69000,78000,104000,114000,121000,140000,158000,168000,174000,182000,184000,
Poland,POL,"International tourism, number of arrivals",ST.INT.ARVL,19215000,19410000,19520000,18780000,17950000,17400000,15000000,13980000,13720000,14290000,15200000,15670000,14975000,12960000,11890000,12470000,13350000,14840000,15800000,16000000,16728000,17471000
Puerto Rico,PRI,"International tourism, number of arrivals",ST.INT.ARVL,3131000,3065000,3242000,3396000,3024000,3341000,3551000,3087000,3238000,3541000,3686000,3722000,3687000,3716000,3183000,3186000,3048000,3069000,3172000,3246000,3542000,3736000
"Korea, Dem. Peopleâ€™s Rep.",PRK,"International tourism, number of arrivals",ST.INT.ARVL,,,,,,,,,,,,,,,,,,,,,,
Portugal,PRT,"International tourism, number of arrivals",ST.INT.ARVL,4572000,4567000,4798000,5539000,5379000,5599000,5392000,5560000,5383000,5654000,5769000,6349000,6788000,6962000,6439000,6756000,7264000,7503000,8097000,9092000,9957000,11223000
Paraguay,PRY,"International tourism, number of arrivals",ST.INT.ARVL,438000,426000,395000,350000,269000,289000,279000,250000,268000,309000,341000,388000,416000,428000,439000,465000,524000,579000,610000,649000,1215000,1308000
West Bank and Gaza,PSE,"International tourism, number of arrivals",ST.INT.ARVL,,220000,210000,200000,300000,310000,43000,33000,37000,56000,88000,123000,264000,387000,396000,522000,449000,490000,545000,556000,432000,400000
French Polynesia,PYF,"International tourism, number of arrivals",ST.INT.ARVL,172000,164000,180000,189000,211000,252000,228000,189000,213000,212000,208000,222000,218000,196000,160000,154000,163000,169000,164000,181000,184000,192000
Qatar,QAT,"International tourism, number of arrivals",ST.INT.ARVL,309000,327000,333000,320000,357000,378000,376000,587000,557000,732000,913000,946000,964000,1405000,1481600,1699500,2056700,2323500,2611900,2839200,2941100,2938200
Romania,ROU,"International tourism, number of arrivals",ST.INT.ARVL,5445000,5205000,5149000,4831000,5224000,5264000,4938000,4794000,5595000,6600000,5839000,6037000,7722000,8862000,7575000,7498000,7611000,7937000,8019000,8442000,9331000,10223000
Russian Federation,RUS,"International tourism, number of arrivals",ST.INT.ARVL,10290000,16208000,17463000,16188000,18820000,21169000,21595000,23309000,22521000,22064000,22201000,22486000,22909000,23676000,21339000,22281000,24932000,28177000,30792000,32421000,33729000,24571000
Rwanda,RWA,"International tourism, number of arrivals",ST.INT.ARVL,,,,,,104000,113000,,,,,494000,566000,507000,502000,504000,688000,815000,864000,926000,987000,932000
South Asia,SAS,"International tourism, number of arrivals",ST.INT.ARVL,3809176.52972122,3930661.56568701,4161829.07131035,4280668.70448291,4529947.04461371,4826435.64997745,4486399.64478678,4321774.19403917,4966540.25175709,6057158.42639467,6366874.04572453,7232429.49041545,8067461.056723,8365577.60226718,8065426.13149744,9234490.67358027,10392363.1269225,10725073.4013012,11682769.2507124,18915333.1099502,19195192.4710806,21293009.2143927
Saudi Arabia,SAU,"International tourism, number of arrivals",ST.INT.ARVL,3325000,,,,,6585000,6727000,7511000,7332000,8599000,8037000,8620000,11531000,14757000,10897000,10850000,14179000,16332000,15772000,18260000,17994000,18049000
Sudan,SDN,"International tourism, number of arrivals",ST.INT.ARVL,29000,38000,30000,36000,39000,38000,50000,52000,52000,61000,246000,328000,436000,440000,420000,495000,536000,575000,591000,684000,741000,
Senegal,SEN,"International tourism, number of arrivals",ST.INT.ARVL,280000,282000,314000,352000,369000,389000,396000,427000,354000,363000,769000,866000,875000,867000,810000,900000,968000,962000,1063000,963000,1006600,
Singapore,SGP,"International tourism, number of arrivals",ST.INT.ARVL,6070000,6048000,5894000,5122000,5604000,6062000,5857000,5855000,4703000,6553000,7079000,7588000,7957000,7778000,7488000,9161000,10390000,11098000,11899000,11864000,12051000,12914000
Solomon Islands,SLB,"International tourism, number of arrivals",ST.INT.ARVL,11800,10300,13800,15800,,5200,,,6600,5600,9400,11500,13700,16300,18300,20500,22900,23900,24400,20100,21600,23200
Sierra Leone,SLE,"International tourism, number of arrivals",ST.INT.ARVL,13800,21900,7500,12900,10600,15800,24100,28400,38100,43600,40000,33700,32200,36000,37000,39000,52000,60000,81000,44000,24000,55000
El Salvador,SLV,"International tourism, number of arrivals",ST.INT.ARVL,235000,283000,387000,542000,658000,795000,735000,798000,720000,951000,1127000,1279000,1339000,1385000,1091000,1150000,1184000,1255000,1283000,1345000,1402000,1434000
San Marino,SMR,"International tourism, number of arrivals",ST.INT.ARVL,28000,30000,28000,36000,34000,43000,49000,46000,41000,42000,50000,50000,69000,115000,151000,120000,156000,139000,71000,75000,54000,60000
Somalia,SOM,"International tourism, number of arrivals",ST.INT.ARVL,,,,,,,,,,,,,,,,,,,,,,
Serbia,SRB,"International tourism, number of arrivals",ST.INT.ARVL,,,,,,,,312000,339000,392000,453000,469000,696000,646000,645000,683000,764000,810000,922000,1029000,1132000,1281000
South Sudan,SSD,"International tourism, number of arrivals",ST.INT.ARVL,,,,,,,,,,,,,,,,,,,,,,
Sao Tome and Principe,STP,"International tourism, number of arrivals",ST.INT.ARVL,6200,6400,4800,5600,5800,7100,7500,9200,10000,10600,15800,12300,11800,14500,15200,8000,12200,,,,25600,29000
Suriname,SUR,"International tourism, number of arrivals",ST.INT.ARVL,43000,53000,61000,55000,57000,57000,54000,60000,82000,138000,161000,154000,167000,151000,151000,205000,220000,240000,249000,252000,228000,256000
Slovak Republic,SVK,"International tourism, number of arrivals",ST.INT.ARVL,903000,951000,814000,896000,975000,1053000,1219000,1399000,1387000,1401000,1515000,1612000,1685000,1767000,1298000,1327000,1460000,1528000,1670000,1475000,1721000,2027000
Slovenia,SVN,"International tourism, number of arrivals",ST.INT.ARVL,732000,832000,974000,977000,884000,1090000,1219000,1302000,1373000,1499000,1555000,1617000,1751000,1958000,1824000,1869000,2037000,2156000,2259000,2411000,2707000,3032000
Sweden,SWE,"International tourism, number of arrivals",ST.INT.ARVL,2310000,2376000,2388000,2573000,2595000,3828000,4108000,4276000,4268000,4676000,4883000,4729000,5224000,4555000,4899000,5183000,5222000,5146000,5229000,5660000,6482000,6782000
Swaziland,SWZ,"International tourism, number of arrivals",ST.INT.ARVL,300000,315000,269000,284000,289000,281000,283000,256000,461000,459000,837000,873000,869000,756000,908000,868000,879000,888000,968000,939000,873000,947000
Sint Maarten (Dutch part),SXM,"International tourism, number of arrivals",ST.INT.ARVL,460000,365000,439000,458000,445000,432000,403000,381000,428000,475000,468000,468000,469000,475000,440000,443000,424000,457000,467000,500000,505000,528000
Seychelles,SYC,"International tourism, number of arrivals",ST.INT.ARVL,121000,131000,130000,128000,125000,130000,130000,132000,122000,121000,129000,141000,161000,159000,158000,175000,194000,208000,230000,233000,276000,303000
Syrian Arab Republic,SYR,"International tourism, number of arrivals",ST.INT.ARVL,815000,830000,891000,1267000,1386000,2100000,2192000,2661000,2598000,3399000,3571000,4231000,4158000,5430000,6092000,8546000,5070000,,,,,
Turks and Caicos Islands,TCA,"International tourism, number of arrivals",ST.INT.ARVL,79000,88000,93000,111000,121000,152000,166000,155000,164000,173000,176000,248000,265000,352000,351000,281000,354000,291700,290600,357000,386000,454000
Chad,TCD,"International tourism, number of arrivals",ST.INT.ARVL,,,,,,,,,,,,46000,77000,60600,70000,71000,77000,86000,100000,122000,119800,
Togo,TGO,"International tourism, number of arrivals",ST.INT.ARVL,53000,58000,92000,69000,70000,60000,57000,58000,61000,83000,81000,94000,86000,74000,150000,202000,300000,235000,327000,282000,273000,338000
Thailand,THA,"International tourism, number of arrivals",ST.INT.ARVL,6952000,7244000,7294000,7843000,8651000,9579000,10133000,10873000,10082000,11737000,11567000,13822000,14464000,14584000,14150000,15936000,19230000,22354000,26547000,24810000,29923000,32530000
Tajikistan,TJK,"International tourism, number of arrivals",ST.INT.ARVL,,700,2100,3200,4500,7700,5200,,,,,,,325000,207000,160000,183000,244000,208000,213000,414000,
Turkmenistan,TKM,"International tourism, number of arrivals",ST.INT.ARVL,218000,217000,257000,300000,,3400,5200,10800,8200,14800,11600,5600,8200,,,,,,,,,
Timor-Leste,TLS,"International tourism, number of arrivals",ST.INT.ARVL,,,,,,,,,,,,14000,22000,36000,44000,40000,51000,58000,79000,60000,62000,66000
Tonga,TON,"International tourism, number of arrivals",ST.INT.ARVL,29000,27000,26000,27000,31000,35000,32000,37000,40000,41000,42000,39000,46000,50000,45700,47100,46000,47400,48200,50400,53800,59100
Trinidad and Tobago,TTO,"International tourism, number of arrivals",ST.INT.ARVL,260000,266000,324000,334000,358000,399000,383000,384000,409000,443000,463000,461000,449000,437000,419000,388000,431000,455000,434000,412000,440000,410000
Tunisia,TUN,"International tourism, number of arrivals",ST.INT.ARVL,4120000,3885000,4263000,4718000,4832000,5058000,5387000,5064000,5114000,5998000,6378000,6550000,6762000,7050000,7797000,7828000,5746000,6999000,7352000,7163000,5359000,5724000
Turkey,TUR,"International tourism, number of arrivals",ST.INT.ARVL,7083000,7966000,9040000,8960000,6893000,9586000,10783000,12790000,13341000,16826000,20273000,18916000,26122000,29792000,30187000,31364000,34654000,35698000,37795000,39811000,39478000,30289000
Tuvalu,TUV,"International tourism, number of arrivals",ST.INT.ARVL,900,1000,1000,1000,1100,1100,1100,1300,1400,1300,1100,1100,1100,1700,1600,1700,1200,1100,1300,1400,2400,2500
Tanzania,TZA,"International tourism, number of arrivals",ST.INT.ARVL,285000,315000,347000,450000,564000,459000,501000,550000,552000,566000,590000,622000,692000,750000,695000,754000,843000,1043000,1063000,1113000,1104000,1233000
Uganda,UGA,"International tourism, number of arrivals",ST.INT.ARVL,160000,174000,175000,195000,189000,193000,205000,254000,305000,512000,468000,539000,642000,844000,807000,946000,1151000,1197000,1206000,1266000,1303000,1323000
Ukraine,UKR,"International tourism, number of arrivals",ST.INT.ARVL,3716000,3854000,7558000,6208000,4232000,6431000,9174000,10517000,12514000,15629000,17631000,18936000,23122000,25449000,20798000,21203000,21415000,23013000,24671000,12712000,12428000,13333000
Uruguay,URY,"International tourism, number of arrivals",ST.INT.ARVL,2022000,2152000,2316000,2163000,2073000,1968000,1892000,1258000,1420000,1756000,1808000,1749000,1753000,1938000,2055000,2353000,2857000,2695000,2683000,2682000,2773000,3037000
United States,USA,"International tourism, number of arrivals",ST.INT.ARVL,43318000,46489000,47767000,46377000,48509000,51238000,46927000,43581000,41218000,46086000,49206000,50977000,56135000,58007000,55103000,60010000,62821000,66657000,69995000,75022000,77465000,75608000
Uzbekistan,UZB,"International tourism, number of arrivals",ST.INT.ARVL,92000,173000,960000,811000,487000,302000,345000,332000,231000,262000,242000,560000,903000,1069000,1215000,975000,,,1969000,,,
St. Vincent and the Grenadines,VCT,"International tourism, number of arrivals",ST.INT.ARVL,60000,58000,65000,67000,68000,73000,71000,78000,79000,87000,96000,97000,90000,84000,75000,72000,74000,74000,72000,71000,75000,79000
"Venezuela, RB",VEN,"International tourism, number of arrivals",ST.INT.ARVL,700000,759000,814000,685000,587000,469000,584000,432000,337000,486000,706000,748000,756000,699000,562000,526000,595000,988000,986000,857000,789000,601000
British Virgin Islands,VGB,"International tourism, number of arrivals",ST.INT.ARVL,219000,244000,244000,279000,284000,272000,296000,282000,278000,304000,337000,356000,358000,346000,309000,330000,338000,351000,366000,386000,393000,408000
Virgin Islands (U.S.),VIR,"International tourism, number of arrivals",ST.INT.ARVL,454000,373000,393000,422000,484000,546000,527000,520000,538000,563000,594000,571000,587000,574000,563000,572000,567000,620000,590000,615000,642000,
Vietnam,VNM,"International tourism, number of arrivals",ST.INT.ARVL,1351000,1607000,1716000,1520000,1782000,2140000,2330000,2628000,2429000,2928000,3477000,3583000,4229000,4236000,3747000,5050000,6014000,6848000,7572000,7874000,7944000,10013000
Vanuatu,VUT,"International tourism, number of arrivals",ST.INT.ARVL,44000,46000,50000,52000,51000,58000,53000,49000,50000,61000,62000,68000,81000,90500,100700,97200,94000,108200,110000,109000,90000,95100
Samoa,WSM,"International tourism, number of arrivals",ST.INT.ARVL,68000,73000,68000,78000,85000,88000,88000,89000,92000,98000,102000,110000,117000,118000,122000,122000,121000,126000,116000,120400,128000,134000
Kosovo,XKX,"International tourism, number of arrivals",ST.INT.ARVL,,,,,,,,,,,,,,,,,,,,,,
"Yemen, Rep.",YEM,"International tourism, number of arrivals",ST.INT.ARVL,61000,74000,80000,88000,58000,73000,76000,98000,155000,274000,336000,1061000,948000,1023000,1028000,1025000,829000,874000,990000,1017500,366700,
South Africa,ZAF,"International tourism, number of arrivals",ST.INT.ARVL,4488000,4915000,4976000,5732000,5890000,5872000,5787000,6430000,6505000,6678000,7369000,8396000,9091000,9592000,7012000,8074000,8339000,9188000,9537000,9549000,8904000,10044000
Zambia,ZMB,"International tourism, number of arrivals",ST.INT.ARVL,163000,264000,341000,362000,404000,457000,492000,565000,413000,515000,669000,757000,897000,812000,710000,815000,920000,859000,915000,947000,932000,956000
Zimbabwe,ZWE,"International tourism, number of arrivals",ST.INT.ARVL,1416000,1597000,1336000,2090000,2250000,1967000,2217000,2041000,2256000,1854000,1559000,2287000,2506000,1956000,2017000,2239000,2423000,1794000,1833000,1880000,2057000,2168000